Company Name, Address ,,,,
SalvationArmy,British Columbia, Canada,,,
SalvationArmy,5770 Marine Dr, West Vancouver, BC V7W, Canada,
SalvationArmy,5425 Carnarvon St, Vancouver, BC V6N, Canada,
SalvationArmy,2992 Wesbrook Mall, Vancouver, BC V6T, Canada,
SalvationArmy,5771 Marine Way, Burnaby, BC V5J 5C8, Canada,
SalvationArmy,4855 Still Creek Ave, Burnaby, BC V5C 6C6, Canada,
SalvationArmy,307 Island Hwy, Victoria, BC V9B 1G9, Canada,
SalvationArmy,777 Goldstream Ave, Victoria, BC V9B 2X4, Canada,
SalvationArmy,855 Shawnigan-Mill Bay Road, Mill Bay, BC V0R 2P2, Canada,
SalvationArmy,3934 Quadra St, Victoria, BC V8X 1J5, Canada,
SalvationArmy,990 Hillside Ave, Victoria, BC V8T 1Z7, Canada,
SalvationArmy,7177 W Saanich Rd, Brentwood Bay, BC V8M 1P6, Canada,
SalvationArmy,1551 Cedar Hill Cross Rd, Victoria, BC V8P 2P2, Canada,
SalvationArmy,7600 Glover Rd, Langley, BC V2Y 1Y1, Canada,
SalvationArmy,30 Riverside Dr, North Vancouver, BC V7H 1T4, Canada,
SalvationArmy,1200 United Blvd, Coquitlam, BC V3K 6T4, Canada,
SalvationArmy,4480 Oak St, Vancouver, BC V5Z 4H4, Canada,
SalvationArmy,4580 W 10th Ave, Vancouver, BC V6R 2J1, Canada,
SalvationArmy,6640 Blundell Rd, Richmond, BC V7C 1H8, Canada,
SalvationArmy,4111 Moncton St, Richmond, BC V7E 3A8, Canada,
SalvationArmy,4396 W 12th Ave, Vancouver, BC V6R 2R1, Canada,
SalvationArmy,Riverport Way & Steveston Hwy, Richmond, BC V6W, Canada,
SalvationArmy,1523 Pemberton Ave, North Vancouver, BC V7P, Canada,
SalvationArmy,154 3rd St W, North Vancouver, BC V7M 1E8, Canada,
SalvationArmy,5239 Victoria Dr, Vancouver, BC V5P 3V4, Canada,
SalvationArmy,3606 W Broadway, Vancouver, BC V6R 2B7, Canada,
SalvationArmy,6001 Grant McConachie Way, Richmond, BC V7B 1K3, Canada,
SalvationArmy,20165 91a Ave, Langley, BC V1M 3A2, Canada,
InclusionBC,7025 Macdonald St, Vancouver, BC V6N 1G2, Canada,
InclusionBC,1796 Nanaimo St, Vancouver, BC V5M 1C5, Canada,
InclusionBC,2698 E 22nd Ave, Vancouver, BC V5M 2X7, Canada,
InclusionBC,3433 Renfrew St, Vancouver, BC V5M, Canada,
InclusionBC,8599 Aquitania Pl, Vancouver, BC V5S 4V7, Canada,
InclusionBC,8075 Enterprise St, Burnaby, BC V5A 1V5, Canada,
InclusionBC,7731 Nanaimo St, Vancouver, BC V5P 4M7, Canada,
InclusionBC,6262 Marine Dr, West Vancouver, BC V7W 1X1, Canada,
InclusionBC,6805 Hastings St, Burnaby, BC V5B 1S7, Canada,
InclusionBC,7508 Heather St, Vancouver, BC V6P 3P9, Canada,
InclusionBC,4409 Boundary Rd, Vancouver, BC V5R 2N3, Canada,
InclusionBC,898 W Broadway, Vancouver, BC V5Z 1J8, Canada,
InclusionBC,1180 W 57th Ave, Vancouver, BC V6P 1S5, Canada,
InclusionBC,4580 W 10th Ave, Vancouver, BC V6R 2J1, Canada,
InclusionBC,5898 Beatrice St, Vancouver, BC V5P 1M5, Canada,
InclusionBC,1409 Sperling Ave, Burnaby, BC V5B 4J8, Canada,
InclusionBC,14 E Royal Ave, New Westminster, BC V3L, Canada,
InclusionBC,1420 Pinetree Way, Coquitlam, BC V3E 6A3, Canada,
InclusionBC,10 E 33rd Ave, Vancouver, BC V5W 2K6, Canada,
InclusionBC,3108 W 16th Ave, Vancouver, BC V6K 3E1, Canada,
InclusionBC,3805 W 4th Ave, Vancouver, BC V6R 1P8, Canada,
InclusionBC,5700 Larch St, Vancouver, BC V6M 4E2, Canada,
InclusionBC,7500-7550 Victoria Dr, Vancouver, BC V5P 3Z7, Canada,
InclusionBC,500 W 57th Ave, Vancouver, BC V6P 6E8, Canada,
InclusionBC,1928 W 37th Ave, Vancouver, BC V6M 1N5, Canada,
InclusionBC,1265 SE Marine Dr, Vancouver, BC V5X 2W2, Canada,
InclusionBC,8299 Victoria Dr, Vancouver, BC V5P, Canada,
InclusionBC,6499 Fraser St, Vancouver, BC V5W 3A6, Canada,
InclusionBC,933-987 Lytton St, North Vancouver, BC V7H, Canada,
InclusionBC,4664 Lougheed Hwy, Burnaby, BC V5C 3Y2, Canada,
InclusionBC,1425-1455 E 3rd Ave, Vancouver, BC V5N, Canada,
InclusionBC,2702-2718 Norland Ave, Burnaby, BC V5B 3A9, Canada,
InclusionBC,7575 Kingsway St, Burnaby, BC V3N 3C3, Canada,
InclusionBC,1104-1348 W 1st St, North Vancouver, BC V7P 3T4, Canada,
InclusionBC,350 13th St, West Vancouver, BC V7T, Canada,
InclusionBC,3014 Edgemont Blvd, North Vancouver, BC V7R 4S9, Canada,
InclusionBC,333 Brooksbank Ave, North Vancouver, BC V7J 3S8, Canada,
InclusionBC,10177 148 St, Surrey, BC V3R, Canada,
InclusionBC,19433 96 Ave, Surrey, BC V4N 4C4, Canada,
InclusionBC,16139 Fraser Hwy, Surrey, BC V4N 0G2, Canada,
InclusionBC,17967 56 Ave, Surrey, BC V3S, Canada,
InclusionBC,111 Lakeshore Dr NE, Salmon Arm, BC V1E, Canada,
InclusionBC,1111 Lakeshore Dr W, Salmon Arm, BC V1E 1E4, Canada,
InclusionBC,2701 11 Ave NE, Salmon Arm, BC V1E 2S8, Canada,
InclusionBC,5270 Auto Rd SE, Salmon Arm, BC V1E2Y1, Canada,
InclusionBC,4828 Trans-Canada Hwy, Tappen, BC V0E 2X0, Canada,
InclusionBC,3305 Smith Dr, Armstrong, BC V0E 1B1, Canada,
InclusionBC,1279 BC-1, Sorrento, BC V0E 2W0, Canada,
InclusionBC,400 Shuswap Ave, Chase, BC V0E 1M1, Canada,
InclusionBC,8543 Bannister Dr, Mission, BC V2V 6Y3, Canada,
InclusionBC,33345 2nd Ave, Mission, BC V2V, Canada,
InclusionBC,23357-23535 44 Ave, Langley, BC V2Z 2V2, Canada,
InclusionBC,22084 48 Ave, Langley, BC V3A 3R9, Canada,
InclusionBC,21488 Old Yale Rd, Langley, BC V3A 4M8, Canada,
InclusionBC,20955 Old Yale Rd, Langley, BC V3A 7P8, Canada,
InclusionBC,22702 48 Ave, Langley, BC V2Z 2T6, Canada,
InclusionBC,4224 Jingle Pot Rd, Nanaimo, BC V9T 5P5, Canada,
InclusionBC,6510 Portsmouth Rd, Nanaimo, BC V9V 1A3, Canada,
InclusionBC,1135 Nelson St, Nanaimo, BC V9S, Canada,
InclusionBC,96 Cavan St, Nanaimo, BC V9R, Canada,
InclusionBC,6020 Blundell Rd, Richmond, BC V6W 1K8, Canada,
InclusionBC,9280 No 2 Rd, Richmond, BC V7E 2C8, Canada,
InclusionBC,6911 Lynas Ln, Richmond, BC V7C 3K8, Canada,
InclusionBC,6960-6998 Minoru Blvd, Richmond, BC V6Y 4C2, Canada,
InclusionBC,7059 Alberni St, Powell River, BC V8A 2C2, Canada,
InclusionBC,7346 Hwy 101, Powell River, BC V8A 0R1, Canada,
InclusionBC,4885 BC-101, Powell River, BC V8A 0B6, Canada,
InclusionBC,1436 BC-101, Lund, BC V0N 2G0, Canada,
InclusionBC,9939 Black Point Rd, Powell River, BC V8A 0K1, Canada,
InclusionBC,1551 Salisbury Ave, Port Coquitlam, BC V3B 8C9, Canada,
InclusionBC,227 Sixth St, New Westminster, BC V3L 3A5, Canada,
InclusionBC,811 Royal Ave, New Westminster, BC V3M 1K1, Canada,
InclusionBC,916 Clarke Rd, Port Moody, BC V3H 1L9, Canada,
InclusionBC,300 Albert St, Port Moody, BC V3H 2M5, Canada,
InclusionBC,3115 Murray St, Port Moody, BC V3H, Canada,
InclusionBC,6 Electronic Ave, Port Moody, BC V3H 1X3, Canada,
InclusionBC,2697 Sunnyside Rd, Anmore, BC V3H 4Y7, Canada,
InclusionBC,30790-30850 Sandpiper Dr, Abbotsford, BC V2T 6X3, Canada,
InclusionBC,3600 Townline Rd, Abbotsford, BC V2T 5W8, Canada,
InclusionBC,31544 Peardonville Rd, Abbotsford, BC V2T 1T8, Canada,
InclusionBC,31631 S Fraser Way, Abbotsford, BC V2T 1T8, Canada,
InclusionBC,34220 S Fraser Way, Abbotsford, BC V2S 2C6, Canada,
InclusionBC,26281 Dewdney Trunk Rd, Maple Ridge, BC V2W 1A2, Canada,
InclusionBC,4330 Sunshine Coast Hwy, Sechelt, BC V0N 3A1, Canada,
InclusionBC,951 Gibsons Way, Gibsons, BC V0N 1V8, Canada,
InclusionBC,5755 Cowrie St, Sechelt, BC V0N 3A0, Canada,
InclusionBC,4471 Margaret St, Port Alberni, BC V9Y 6G7, Canada,
InclusionBC,4521 Dogwood St, Port Alberni, BC V9Y 3Z8, Canada,
InclusionBC,3008 2nd Ave, Port Alberni, BC V9Y 1Y9, Canada,
InclusionBC,4803 Canada Way, Burnaby, BC V5G 1L3, Canada,
InclusionBC,2401 Spring St, Port Moody, BC V3H, Canada,
InclusionBC,123 Buller St, Port Moody, BC V3H 2C6, Canada,
InclusionBC,3044 Clearbrook Rd, Abbotsford, BC V2T, Canada,
InclusionBC,16613 Bell Rd, Surrey, BC V3S 1H8, Canada,
InclusionBC,32500 S Fraser Way, Abbotsford, BC V2T 1X3, Canada,
InclusionBC,100, 32500 S Fraser Way, Abbotsford, BC V2T 1X3, Canada
InclusionBC,6021 W Saanich Rd, Victoria, BC V9E 2G4, Canada,
InclusionBC,2928 Eastdowne Rd, Victoria, BC V8R 5R8, Canada,
InclusionBC,1379 Esquimalt Rd, Victoria, BC V9A 3R4, Canada,
InclusionBC,3252-3268 Glasgow Ave, Victoria, BC V8X 1M2, Canada,
InclusionBC,2702-2718 Norland Ave, Burnaby, BC V5B 3A9, Canada,
InclusionBC,4351 Rumble St, Burnaby, BC V5J 2A2, Canada,
InclusionBC,7086 124 St, Surrey, BC V3W 3W8, Canada,
InclusionBC,2121 Cedar Hill Cross Rd, Victoria, BC V8P 2R6, Canada,
InclusionBC,6436 Walker Ave, Burnaby, BC V5E 3B6, Canada,
InclusionBC,6436 Walker Ave, Burnaby, BC V5E 3B6, Canada,
InclusionBC,4082 Shelbourne St, Victoria, BC V8N 2A1, Canada,
InclusionBC,3781 Cedar Hill Rd, Victoria, BC V8P 3Z4, Canada,
InclusionBC,2964 Richmond Rd, Victoria, BC V8R 4V1, Canada,
InclusionBC,10 E 33rd Ave, Vancouver, BC V5W 2K6, Canada,
InclusionBC,3192-3212 Macdonald St, Vancouver, BC V6K, Canada,
InclusionBC,450 E 1st Ave, Vancouver, BC V5L 3L4, Canada,
InclusionBC,1659 Venables St, Vancouver, BC V5L 2H1, Canada,
InclusionBC,4316 W 2nd Ave, Vancouver, BC V6R 1K3, Canada,
InclusionBC,6629 Kingsway St, Burnaby, BC V5E 1E2, Canada,
InclusionBC,6810 Sellers Ave, Burnaby, BC V5J 4R3, Canada,
CerebralPalsy,7925 Ross St, Vancouver, BC V5X, Canada,
CerebralPalsy,8969 Montcalm St, Vancouver, BC V6P 4R5, Canada,
CerebralPalsy,5624 Ladner Trunk Rd, Delta, BC V4K 1X4, Canada,
CerebralPalsy,3450 SE Marine Dr, Vancouver, BC V5S 4P8, Canada,
CerebralPalsy,6901 Elliott St, Vancouver, BC V5S 2N1, Canada,
CerebralPalsy,952-978 W 67th Ave, Vancouver, BC V6P 3Y1, Canada,
CerebralPalsy,32 W 59th Ave, Vancouver, BC V5X 1W9, Canada,
CerebralPalsy,716 W 49th Ave, Vancouver, BC V5Z 3N4, Canada,
CerebralPalsy,1640-1660 Eastern Ave, North Vancouver, BC V7L 3G1, Canada,
CerebralPalsy,308 W 41st Ave, Vancouver, BC V5Y 2S4, Canada,
CerebralPalsy,565 W 10th Ave, Vancouver, BC V5Z 4J4, Canada,
DiabetesCanada,11125 124 St, Surrey, BC V3V 4V2, Canada,
DiabetesCanada,221 Blue Mountain St, Coquitlam, BC V3K 4H3, Canada,
DiabetesCanada,7271 Gilley Ave, Burnaby, BC V5J 4W9, Canada,
DiabetesCanada,1301 Lougheed Hwy, Coquitlam, BC V3K 6P9, Canada,
DiabetesCanada,1301 Lougheed Hwy, Coquitlam, BC V3K 6P9, Canada,
DiabetesCanada,5462 Marine Dr, Burnaby, BC V5J 3G8, Canada,
DiabetesCanada,195 Schoolhouse St, Coquitlam, BC V3K, Canada,
DiabetesCanada,425 Lebleu St, Coquitlam, BC V3K 6X4, Canada,
DiabetesCanada,8195 120 St, Delta, BC V4C 6P7, Canada,
DiabetesCanada,8195 120 St, Delta, BC V4C 6P7, Canada,
DiabetesCanada,4746 Marine Dr, Burnaby, BC V5J 3G6, Canada,
DiabetesCanada,2300 Rocket Way, Coquitlam, BC V3K 6Z2, Canada,
DiabetesCanada,7990 123a St, Surrey, BC V3W 3W2, Canada,
DiabetesCanada,952 Como Lake Ave, Coquitlam, BC V3J 3N4, Canada,
DiabetesCanada,910 Clarke Rd, Port Moody, BC V3H 1L9, Canada,
DiabetesCanada,300 Albert St, Port Moody, BC V3H 2M5, Canada,
DiabetesCanada,1140 Cecile Dr, Port Moody, BC V3H 1M9, Canada,
DiabetesCanada,7050 120 St, Surrey, BC V3W 3M8, Canada,
DiabetesCanada,1190 Cecile Dr, Port Moody, BC V3H 1N1, Canada,
DiabetesCanada,18691 Westminster Hwy, Richmond, BC V6V 1B1, Canada,
DiabetesCanada,4800 Still Creek Ave, Burnaby, BC V5C 5V1, Canada,
DiabetesCanada,4800 Still Creek Ave, Burnaby, BC V5C 5V1, Canada,
DiabetesCanada,65 Williams St, Port Moody, BC V3H 2R5, Canada,
DiabetesCanada,221 Ioco Rd, Port Moody, BC V3H 5H1, Canada,
DiabetesCanada,221 Ioco Rd, Port Moody, BC V3H 5H1, Canada,
DiabetesCanada,1890 Skeena St, Vancouver, BC V5M 4L3, Canada,
DiabetesCanada,4293 Slocan St, Vancouver, BC V5R 1Z2, Canada,
DiabetesCanada,101 1st Ave, Port Moody, BC V3H 3A9, Canada,
DiabetesCanada,1985 Pitt River Rd, Port Coquitlam, BC V3C 1R2, Canada,
DiabetesCanada,4096 Oxford St, Burnaby, BC V5C 1C6, Canada,
DiabetesCanada,4084 Bedwell Bay Rd, Belcarra, BC V3H 4P8, Canada,
DiabetesCanada,4084 Bedwell Bay Rd, Belcarra, BC V3H 4P8, Canada,
DiabetesCanada,15111 Williams Rd, Richmond, BC V6W 1G9, Canada,
DiabetesCanada,1384 Deep Cove Rd, North Vancouver, BC V7G 1S5, Canada,
DiabetesCanada,30 Riverside Dr, North Vancouver, BC V7H 1T4, Canada,
DiabetesCanada,30 Riverside Dr, North Vancouver, BC V7H 1T4, Canada,
DiabetesCanada,2411 Mt Seymour Pkwy, North Vancouver, BC V7H 2Y9, Canada,
DiabetesCanada,11131 Bridgeport Rd, Richmond, BC V6X 1T3, Canada,
DiabetesCanada,8600 No 5 Rd, Richmond, BC V6Y 2V4, Canada,
DiabetesCanada,333 Seymour Blvd, North Vancouver, BC V7J 2J4, Canada,
DiabetesCanada,333 Seymour Blvd, North Vancouver, BC V7J 2J4, Canada,
DiabetesCanada,5400 72 St, Delta, BC V4K 3N3, Canada,
DiabetesCanada,5400 72 St, Delta, BC V4K 3N3, Canada,
DiabetesCanada,780 Premier St, North Vancouver, BC V7J, Canada,
DiabetesCanada,377 W Kent Ave N, Vancouver, BC V5X 4V1, Canada,
DiabetesCanada,377 W Kent Ave N, Vancouver, BC V5X 4V1, Canada,
DiabetesCanada,11791 King Rd, Richmond, BC V7A 3B6, Canada,
DiabetesCanada,110, 11020 Horseshoe Way, Richmond, BC V7A 4V5, Canada
DiabetesCanada,438 3rd St E, North Vancouver, BC V7L 1G2, Canada,
DiabetesCanada,19181 Lougheed Hwy, Pitt Meadows, BC V3Y 2J5, Canada,
DiabetesCanada,2916 McBride Ave, Surrey, BC V4A 3G2, Canada,
DiabetesCanada,8191 St Albans Rd, Richmond, BC V6Y 2L2, Canada,
DiabetesCanada,142 3rd St W, North Vancouver, BC V7L 1E6, Canada,
DiabetesCanada,12758 28 Ave, Surrey, BC V4A 2P4, Canada,
DiabetesCanada,1245 Lonsdale Ave, North Vancouver, BC V7M 2H5, Canada,
DiabetesCanada,1441 St Georges Ave, North Vancouver, BC V7L 3J4, Canada,
DiabetesCanada,5425 Ladner Trunk Rd, Delta, BC V4K 1W6, Canada,
DiabetesCanada,18765 Fraser Hwy, Surrey, BC V3S 7Y3, Canada,
DiabetesCanada,6500 Gilbert Rd, Richmond, BC V7C, Canada,
DiabetesCanada,5124 48 Ave, Delta, BC V4K 2X8, Canada,
DiabetesCanada,6800 Azure Rd, Richmond, BC V7C 2S8, Canada,
DiabetesCanada,20165 91a Ave, Langley, BC V1M 3A2, Canada,
DiabetesCanada,915 W 1st St, North Vancouver, BC V7P 1A4, Canada,
DiabetesCanada,7111 No 2 Rd, Richmond, BC V7C 3L7, Canada,
DiabetesCanada,9175 206 St, Langley, BC V1M 2X2, Canada,
DiabetesCanada,5011 Granville Ave, Richmond, BC V7C 1E6, Canada,
DiabetesCanada,7360 Lombard Rd, Richmond, BC V7C 3M9, Canada,
DiabetesCanada,5555 192 St, Surrey, BC V3S 8E5, Canada,
DiabetesCanada,6020 Steveston Hwy, Richmond, BC V7E 2K8, Canada,
DiabetesCanada,19851 Willowbrook Dr, Langley, BC V2Y 1A7, Canada,
DiabetesCanada,19575 BC-10, Surrey, BC V3S, Canada,
DiabetesCanada,10451 Lassam Rd, Richmond, BC V7E, Canada,
DiabetesCanada,4440 Blundell Rd, Richmond, BC V6W, Canada,
DiabetesCanada,20688 84 Ave, Langley, BC V2Y 2B5, Canada,
DiabetesCanada,3012 Edgemont Blvd, North Vancouver, BC V7R 2N5, Canada,
DiabetesCanada,1595 Nichol Rd, White Rock, BC V4B 3C2, Canada,
DiabetesCanada,1625 McGuire Ave, North Vancouver, BC V7P 3A9, Canada,
DiabetesCanada,9403 212 St, Langley, BC V1M 1M1, Canada,
DiabetesCanada,21020 83 Ave, Langley, BC V2Y, Canada,
DiabetesCanada,4511 Hermitage Dr, Richmond, BC V7E 4T1, Canada,
DiabetesCanada,20965 77a Ave, Langley, BC V2Y, Canada,
DiabetesCanada,20793 72 Ave, Langley, BC V2Y, Canada,
DiabetesCanada,20793 72 Ave, Langley, BC V2Y, Canada,
DiabetesCanada,21555 91 Ave, Langley, BC V1M 3Z3, Canada,
DiabetesCanada,4251 Garry St, Richmond, BC V7E 2T9, Canada,
DiabetesCanada,4320 Moncton St, Richmond, BC V7E 6T4, Canada,
DiabetesCanada,4320 Moncton St, Richmond, BC V7E 6T4, Canada,
DiabetesCanada,20190 48 Ave, Langley, BC V3A 5M5, Canada,
DiabetesCanada,12241 224 St, Maple Ridge, BC V2X 8Y8, Canada,
DiabetesCanada,5636 12 Ave, Delta, BC V4L 1C4, Canada,
DiabetesCanada,20390 40 Ave, Langley, BC V3A 2X1, Canada,
DiabetesCanada,4471 207a St, Langley, BC V3A 5V8, Canada,
DiabetesCanada,1395 176 St, Surrey, BC V3S 9S7, Canada,
DiabetesCanada,7600 Glover Rd, Langley, BC V2Y 1Y1, Canada,
DiabetesCanada,7600 Glover Rd, Langley, BC V2Y 1Y1, Canada,
DiabetesCanada,21789 50 Ave, Langley, BC V3A 3T2, Canada,
DiabetesCanada,1614 184 St, Surrey, BC V3S 9V2, Canada,
DiabetesCanada,8877 Bartlett St, Langley, BC V1M, Canada,
DiabetesCanada,21255 42 Ave, Langley, BC V3A 7W4, Canada,
DiabetesCanada,22196 50 Ave, Langley, BC V2Y 2V4, Canada,
DiabetesCanada,22144 Old Yale Rd, Langley, BC V2Z 1B5, Canada,
DiabetesCanada,20785 24 Ave, Langley, BC V2Z 2B4, Canada,
DiabetesCanada,23210 Fraser Hwy, Langley Twp, BC V2Z, Canada,
DiabetesCanada,23422 47 Ave, Langley, BC V2Z 2S3, Canada,
DiabetesCanada,23752 52 Ave, Langley, BC V2Z 2P3, Canada,
DiabetesCanada,5370 248 St, Aldergrove, BC V4W 1A7, Canada,
DiabetesCanada,1460 224 St, Langley, BC V2Z 1K6, Canada,
DiabetesCanada,23851 24 Ave, Langley, BC V2Z 3A2, Canada,
DiabetesCanada,26845 27 Ave, Langley Twp, BC V4W 3C1, Canada,
DiabetesCanada,30640 Blueridge Dr, Abbotsford, BC V2T 5W3, Canada,
DiabetesCanada,32065 Van Velzen Ave, Mission, BC V2V 2G6, Canada,
DiabetesCanada,32444 7th Ave, Mission, BC V2V 2B9, Canada,
DiabetesCanada,32557 Best Ave, Mission, BC V2V, Canada,
DiabetesCanada,8955 Cedar St, Mission, BC V4S 1A3, Canada,
DiabetesCanada,32865 Cherry Ave, Mission, BC V2V 2V1, Canada,
DiabetesCanada,2140 Martens St, Abbotsford, BC V2T 6M6, Canada,
DiabetesCanada,33419 Cherry Ave, Mission, BC V2V 2V3, Canada,
DiabetesCanada,7229 Mershon St, Mission, BC V2V 3Y2, Canada,
DiabetesCanada,33638 7th Ave, Mission, BC V2V 2G1, Canada,
DiabetesCanada,33888 Dewdney Trunk Rd, Mission, BC V2V 6Y4, Canada,
DiabetesCanada,390 Campbell Bay Rd, Mayne Island, BC V0N 2J1, Canada,
DiabetesCanada,390 Campbell Bay Rd, Mayne Island, BC V0N 2J1, Canada,
DiabetesCanada,33670 Valley Rd, Abbotsford, BC V2S 7B3, Canada,
DiabetesCanada,34800 Dewdney Trunk Rd, Mission, BC V2V 5V6, Canada,
DiabetesCanada,33670 Valley Rd, Abbotsford, BC V2S 7B3, Canada,
DiabetesCanada,10814 FM681, Mission, TX 78573, USA,
DiabetesCanada,14100 Stave Lake Rd, Fraser Valley F, BC V2V 0A5, Canada,
DiabetesCanada,33844 King Rd, Abbotsford, BC V2S 7M7, Canada,
